[
    {
        "hyk_no": "110359",
        "hykname_cx": "普通卡",
        "id": "82",
        "jf": "45",
        "mdid": "10",
        "mdmc": "北京同仁堂施小墨医药有限公司",
        "rq": "2009-09-01 00:00:00",
        "spdm": "91300229",
        "spmc": "酒萸肉(炙山茱萸)",
        "xsje": "30",
        "xssl": "300",
        "zkje": "0",
        "zkje_hy": "0"
    },
    {
        "hyk_no": "110359",
        "hykname_cx": "普通卡",
        "id": "82",
        "jf": "45",
        "mdid": "10",
        "mdmc": "北京同仁堂施小墨医药有限公司",
        "rq": "2009-09-01 00:00:00",
        "spdm": "91300229",
        "spmc": "酒萸肉(炙山茱萸)",
        "xsje": "30",
        "xssl": "300",
        "zkje": "0",
        "zkje_hy": "0"
    },
    {
        "hyk_no": "110359",
        "hykname_cx": "普通卡",
        "id": "82",
        "jf": "45",
        "mdid": "10",
        "mdmc": "北京同仁堂施小墨医药有限公司",
        "rq":" 2009-09-01 00:00:00",
        "spdm": "91300229",
        "spmc": "酒萸肉(炙山茱萸)",
        "xsje": "30",
        "xssl": "300",
        "zkje": "0",
        "zkje_hy": "0"
    },
    {
        "hyk_no": "110359",
        "hykname_cx": "普通卡",
        "id": "82",
        "jf": "45",
        "mdid": "10",
        "mdmc": "北京同仁堂施小墨医药有限公司",
        "rq": "2009-09-01 00:00:00",
        "spdm": "91300229",
        "spmc": "酒萸肉(炙山茱萸)",
        "xsje": "30",
        "xssl": "300",
        "zkje": "0",
        "zkje_hy": "0"
    },
    {
        "hyk_no": "110359",
        "hykname_cx": "普通卡",
        "id": "82",
        "jf": "45",
        "mdid": "10",
        "mdmc": "北京同仁堂施小墨医药有限公司",
        "rq": "2009-09-01 00:00:00",
        "spdm": "91300229",
        "spmc": "酒萸肉(炙山茱萸)",
        "xsje": "30",
        "xssl": "300",
        "zkje": "0",
        "zkje_hy": "0"
    }
]
