{
  "success": true,
    "list": [
      {
        "tag": "天然草本",
        "type": 2
        
      },
      {
        "tag": "祛痰",
        "type": 1
        
      },
      {
        "tag": "清心安神",
        "type": 1
        
      },
      {
        "tag": "药品",
        "type": 2
        
      },
      {
        "tag": "补中益气",
        "type": 0
      
      },
      {
        "tag": "养阴润肺",
        "type": 1
        
      },
      {
        "tag": "镇静催眠",
        "type": 3
        
      },
      {
        "tag": "抑制癌细胞",
        "type": 3
        
      },
      {
        "tag": "腹胀心痛",
        "type": 0
        
      },
      {
        "tag": "抗炎镇咳",
        "type": 1
        
      },
      {
        "tag": "平喘",
        "type": 1
        
      },
       {
        "tag": "遵医嘱",
        "type": 1
        
      }
    ]
  
}