{
  "success": true,
    "list": [
      {
        "tag": "男",
        "type": 0
        
      },
      {
        "tag": "中年",
        "type": 0
        
      },
      {
        "tag": "青霉素过敏",
        "type": 1
        
      },
      {
        "tag": "高血压患者",
        "type": 2
        
      },
      {
        "tag": "上班族",
        "type": 0
      
      },
      {
        "tag": "头孢类过敏",
        "type": 1
        
      },
      {
        "tag": "气血不足",
        "type": 3
        
      },
      {
        "tag": "睡眠质量差",
        "type": 0
        
      },
      {
        "tag": "运动频率低",
        "type": 0
        
      },
      {
        "tag": "克林霉素过敏",
        "type": 1
        
      },
      {
        "tag": "亚健康",
        "type": 0
        
      }
    ]
  
}