[
    {
        "adjr": "",
        "adjrmc": "0",
        "adjsj": null,
        "bqjf": "0",
        "cph": "2009-08-27 00:00:00.0",
        "csrq": null,
        "email": "",
        "hyk_No": "126779",
        "hyk_name": "126779",
        "hykname": "普通卡",
        "id": 5701,
        "jkrq": null,
        "jtgj": "",
        "jycd": "",
        "khjlrymc": "",
        "ljjf": "3828",
        "mStatus": "",
        "mdid": "0",
        "mdmc": "会员中心",
        "memberSet": [],
        "phone": "",
        "pphy": "",
        "qcpp": "",
        "qq": "",
        "sex": "",
        "sfzbh": "",
        "sjhm": "",
        "srcd": "",
        "status": "1",
        "tjrmc": "",
        "txdz": "",
        "wb": "",
        "wcljf": "3828",
        "wx": "",
        "yxq": "2099/12/31",
        "yzbm": "",
        "zylx": ""
    }

]
